,61,59,50,57,32,56,51,58,60,34,33,20,18,27,9,11,7,29,16,42,45,6,28,17,1,10,19,26,8,21,44,43,36,31,62,54,53,37,39,52,55,46,41,48,24,23,4,15,3,12,49,40,47,2,13,5,14,22,25
61,0.35185185185185186,0.5128676470588236,0.37992831541218636,0.436046511627907,0.6653846153846155,0.4383116883116883,0.5973523724527741,0.5849802371541502,0.6178030303030304,0.6805555555555555,0.6693657219973009,0.6301526717557252,0.4068181818181818,0.6896350931677019,0.7557949053976574,0.47744107744107744,0.5670982104262124,0.5910337749580145,0.489873417721519,0.6473123732251521,0.5358840284505385,0.5524762110726643,0.5607191316146541,0.7703999999999999,0.7027777777777777,0.6254910213243546,0.4025974025974026,0.8237179487179488,0.6466942148760332,0.7009990009990009,0.5580960659404784,0.6456228956228957,0.5925925925925926,0.7045833333333332,0.46095480726628263,0.610383064516129,0.5443333333333333,0.4986010048510049,0.4770159283225485,0.6696832579185521,0.5621323529411765,0.5495195523931156,0.6751543209876545,0.5780412946428573,0.74,0.5028735632183909,0.45225225225225224,0.48005298426055787,0.4879736655070512,0.8101877164206305,0.5190383365821962,0.6115987460815048,0.42931135103589135,0.5784646739130435,0.7899159663865546,0.5358372522673833,0.8550082101806241,0.6297509829619923,0.7768115942028986
59,0.5761904761904761,0.375,0.46654719235364395,0.45376522702104094,0.6410256410256412,0.5086580086580087,0.5014130596459914,0.5958498023715415,0.3689393939393939,0.6587301587301587,0.7584345479082322,0.45706106870229,0.6977272727272726,0.6857531055900621,0.6504627733639118,0.579124579124579,0.4504084896688856,0.6154133233812279,0.5541139240506329,0.5651622718052738,0.5441103410586978,0.5572772491349479,0.6683627317955677,0.5992,0.7583333333333333,0.5160634118967452,0.5173160173160174,0.5128205128205128,0.45041322314049587,0.7381618381618381,0.5096740663295078,0.6088664421997755,0.3333333333333333,0.7241666666666667,0.5088613203367301,0.5211693548387096,0.3918333333333333,0.5377945252945253,0.48965281234444996,0.39366515837104066,0.6169117647058823,0.5231633521863407,0.5771604938271605,0.5792410714285715,0.7766666666666666,0.5515188834154352,0.6165165165165166,0.5749571450833723,0.6331126323270864,0.8378895571350465,0.5139701104613386,0.6912225705329152,0.48799970819959143,0.6210597826086957,0.7773109243697479,0.642992106147128,0.8729064039408868,0.6051114023591087,0.8815217391304347
50,0.39166666666666666,0.4411764705882352,0.8229166666666667,0.4305094130675526,0.4641025641025642,0.5162337662337662,0.43499925628439684,0.5079051383399209,0.5041666666666667,0.3551587301587301,0.3906882591093118,0.31221374045801525,0.3241477272727273,0.29100349378881984,0.284789909083463,0.4095959595959596,0.47338333189245263,0.39666915469303976,0.49620253164556966,0.359026369168357,0.49303433771352395,0.46905817474048445,0.2027363184079602,0.3824,0.25555555555555554,0.6024130190796859,0.5155844155844156,0.6730769230769231,0.3140495867768595,0.24885114885114884,0.46119735946313944,0.3914141414141414,0.4722222222222222,0.2879166666666666,0.5526140894993354,0.4329637096774193,0.5883333333333334,0.45861053361053356,0.5308984569437531,0.4298642533936652,0.3875,0.49115885179103574,0.4182098765432099,0.3958147321428572,0.22333333333333333,0.36186371100164205,0.47897897897897906,0.44265232974910396,0.4026110051247522,0.17696373245853836,0.47514619883040937,0.4470219435736677,0.4924131893784651,0.3322690217391304,0.1722689075630252,0.459669969768223,0.14893267651888342,0.4211009174311926,0.33550724637681156
57,0.29047619047619044,0.3952205882352941,0.4516129032258064,0.5473684210526316,0.45769230769230773,0.5660173160173161,0.392012494422133,0.35573122529644274,0.3859848484848485,0.4107142857142857,0.31443994601889336,0.416030534351145,0.7014204545454545,0.3577736801242236,0.5469735441068064,0.43316498316498314,0.5997017377020836,0.43612614293711516,0.4843354430379747,0.4158215010141988,0.45547358223414564,0.45868836505190314,0.5571008593396654,0.16640000000000002,0.18194444444444446,0.43041526374859707,0.4277056277056277,0.5448717948717948,0.5289256198347108,0.4296703296703297,0.42079605135187703,0.3790684624017957,0.2962962962962963,0.28041666666666665,0.45945945945945943,0.6033266129032259,0.43633333333333335,0.4524991337491338,0.4919113987058238,0.34615384615384615,0.40404411764705883,0.49599373593626467,0.3614969135802469,0.5265904017857143,0.6466666666666667,0.4813218390804598,0.39849849849849855,0.44763908368396443,0.5203119739647626,0.30845635137597965,0.4998375568551007,0.531974921630094,0.48493580391012553,0.37601902173913043,0.3340336134453782,0.5215821296607324,0.316256157635468,0.5125819134993447,0.3568840579710145
32,0.6166666666666667,0.4338235294117647,0.43010752688172044,0.5514950166112957,0.73,0.3917748917748918,0.6180276662204374,0.6739130434782609,0.5488636363636363,0.7003968253968254,0.5661268556005398,0.5251908396946565,0.4923295454545455,0.7053571428571429,0.6813006798263576,0.5126262626262627,0.5574046857439267,0.5837469677178578,0.47943037974683544,0.6546653144016227,0.5204954003858542,0.5216154844290657,0.8969923111714156,0.608,0.4763888888888889,0.5716189674523008,0.41818181818181815,0.7980769230769231,0.5619834710743802,0.8321678321678322,0.5535249708227972,0.5976430976430978,0.43518518518518523,0.6245833333333333,0.4779574656623837,0.5987903225806451,0.5365,0.5186070686070685,0.4755288700846192,0.7036199095022624,0.5062500000000001,0.4914705345739829,0.5879629629629629,0.5767578124999999,0.6433333333333333,0.5260673234811166,0.5147147147147147,0.5557113916160199,0.5390341525455429,0.8159285584107892,0.5471410006497726,0.5658307210031348,0.42526262036766854,0.5758831521739131,0.8529411764705882,0.5243953644608665,0.816256157635468,0.7484927916120576,0.8500000000000001
56,0.46904761904761905,0.5459558823529411,0.48506571087216255,0.5218715393133997,0.3384615384615385,0.2857142857142857,0.41164658634538154,0.4476284584980237,0.46401515151515155,0.6884920634920636,0.4224021592442645,0.5112595419847329,0.5161931818181819,0.513586956521739,0.6149971332623474,0.5838383838383838,0.44950073484913977,0.5570722149654787,0.5109177215189873,0.5020283975659229,0.4564775484180805,0.49429065743944645,0.3539122568973315,0.33199999999999996,0.5097222222222222,0.3987093153759821,0.48398268398268396,0.1153846153846154,0.5433884297520661,0.2662337662337662,0.45974457790313167,0.37906846240179576,0.6851851851851852,0.395,0.47961896322552056,0.529233870967742,0.47049999999999986,0.5213270963270964,0.48610004977600796,0.4864253393665158,0.47867647058823526,0.49458736240345436,0.4293981481481481,0.4668526785714286,0.5133333333333333,0.5841543513957307,0.4186186186186186,0.4280037400654511,0.5188905098567314,0.24175323491889922,0.5165367121507471,0.576489028213166,0.5281952144733002,0.46576086956521734,0.2668067226890756,0.48194491098421227,0.2954022988505747,0.37195281782437745,0.3278985507246377
51,0.5357142857142857,0.5018382352941176,0.41158900836320195,0.4064230343300111,0.5935897435897436,0.45779220779220786,0.7079081632653061,0.6057312252964427,0.5446969696969697,0.6746031746031746,0.6221322537112011,0.6456106870229008,0.6749999999999999,0.7648486024844722,0.6486198705872717,0.4892255892255892,0.520910780669145,0.5360328419481246,0.5090189873417722,0.5841784989858013,0.5439716488229791,0.5455666089965396,0.753731343283582,0.7847999999999999,0.7694444444444445,0.6771885521885522,0.5632034632034632,0.8205128205128204,0.48347107438016534,0.7054945054945054,0.5683749513713285,0.6206509539842873,0.7407407407407408,0.6691666666666667,0.5023260965883917,0.5766129032258065,0.6148333333333333,0.5276204088704088,0.48980214036834246,0.6380090497737556,0.6165441176470587,0.5101867055890045,0.6577932098765433,0.6096261160714286,0.4766666666666667,0.555623973727422,0.5960960960960962,0.5548542932834658,0.5269891145774883,0.8321487151448879,0.5472384665367122,0.5887147335423197,0.46206594689232566,0.611616847826087,0.7584033613445378,0.48996472959355053,0.7586206896551724,0.6407601572739187,0.8822463768115942
58,0.6178571428571429,0.5386029411764706,0.4540023894862605,0.44712070874861576,0.7102564102564103,0.5790043290043291,0.6122266845158412,0.75,0.5666666666666667,0.5833333333333333,0.5006747638326586,0.6383587786259541,0.6411931818181819,0.7536393633540373,0.7073879924645753,0.4917508417508417,0.5304422062764762,0.5799029669714498,0.4594936708860759,0.6204361054766734,0.5443980756969802,0.546501946366782,0.7700135685210312,0.8,0.7305555555555555,0.6295594837261504,0.40086580086580087,0.7756410256410257,0.25,0.7341658341658341,0.5843555485314141,0.5737934904601572,0.5462962962962963,0.7416666666666667,0.48011741249446166,0.5675403225806451,0.5688333333333333,0.5586884961884961,0.4856333997013439,0.7579185520361991,0.5080882352941176,0.5245317156236696,0.6435185185185185,0.5748604910714286,0.5366666666666666,0.6018062397372742,0.6072072072072072,0.5603864734299517,0.5228369431040287,0.7788408966648441,0.5255360623781676,0.5598746081504702,0.47530639042894657,0.6341711956521738,0.6890756302521008,0.47776704736311726,0.9548440065681445,0.7332896461336827,0.9181159420289855
60,0.5964285714285714,0.34191176470588236,0.5388291517323776,0.4100221483942414,0.6153846153846154,0.487012987012987,0.557191729882493,0.616600790513834,0.6168831168831168,0.4186507936507936,0.4912280701754386,0.5217557251908396,0.42840909090909085,0.6247573757763976,0.49643705463182897,0.4786195286195286,0.48246088008991095,0.34988803881321145,0.4375,0.6752028397565923,0.4962718699025429,0.5377973615916956,0.38636363636363635,0.6016,0.49444444444444446,0.4935465768799102,0.49696969696969695,0.5192307692307693,0.18801652892561982,0.3505494505494505,0.6062566864423263,0.5510662177328843,0.7592592592592593,0.54875,0.4793420469649978,0.5599798387096774,0.5731666666666667,0.5035516285516286,0.5185664509706321,0.7805429864253393,0.6503676470588236,0.5394316730523627,0.6520061728395061,0.5037946428571429,0.3666666666666667,0.47188013136289003,0.63003003003003,0.4258220352189497,0.44222496539857103,0.4020411882631674,0.5350552306692657,0.49247648902821317,0.3879851181791655,0.58125,0.7016806722689076,0.4626301645952302,0.5880131362889983,0.43892529488859755,0.20144927536231882
34,0.5261904761904762,0.5091911764705883,0.449820788530466,0.47342192691029894,0.7115384615384616,0.5400432900432901,0.5145024542614904,0.5118577075098815,0.42462121212121207,0.8055555555555555,0.39811066126855604,0.6875954198473282,0.734943181818182,0.7167119565217391,0.662257351134409,0.4727272727272727,0.5574154923489236,0.5670460906885613,0.6438291139240505,0.6655679513184585,0.488165619229782,0.5329855103806228,0.7483039348710989,0.452,0.6138888888888889,0.5923821548821548,0.6632034632034634,0.7307692307692307,0.8367768595041323,0.743056943056943,0.5373620161447189,0.5524691358024691,0.6203703703703703,0.39874999999999994,0.480449712007089,0.6118951612903226,0.514,0.5205128205128204,0.49569437531110006,0.6493212669683258,0.555514705882353,0.51078726509761,0.5806327160493827,0.5472098214285713,0.6966666666666668,0.54064039408867,0.46996996996997,0.5728533582671029,0.4762465866157932,0.825587752870421,0.5235542560103964,0.5047021943573667,0.5068937846512985,0.5242527173913044,0.7121848739495797,0.43288125629828694,0.7461412151067323,0.5327653997378768,0.8282608695652175
33,0.5916666666666666,0.4963235294117647,0.40442054958183987,0.4307862679955704,0.3910256410256411,0.46969696969696967,0.48832366503049235,0.5197628458498024,0.5856060606060607,0.46825396825396826,0.9010989010989011,0.6339694656488549,0.38125,0.28508346273291924,0.4330002457203702,0.5861952861952862,0.5296100976917091,0.3775144616532935,0.6106012658227848,0.4977180527383367,0.499198897086221,0.5176578719723183,0.3701944821347806,0.39039999999999997,0.5375000000000001,0.3886784511784511,0.47402597402597396,0.4198717948717948,0.4400826446280992,0.32607392607392605,0.5210319004084809,0.45230078563411896,0.5277777777777778,0.4195833333333333,0.4711453256535224,0.4642137096774194,0.48283333333333334,0.5204565142065142,0.49374066699850677,0.502262443438914,0.4871323529411765,0.5141549595572584,0.4579475308641976,0.49464285714285716,0.3566666666666667,0.4622331691297209,0.5657657657657659,0.4612747389745987,0.4137395728126286,0.4914342992527793,0.4599415204678362,0.4335423197492163,0.5223227312518238,0.45278532608695654,0.5987394957983193,0.483309539805173,0.33169129720853857,0.47273918741808646,0.18369565217391304
20,0.6202380952380953,0.33639705882352944,0.47072879330943845,0.38482834994462906,0.5051282051282051,0.5757575757575757,0.4770935594228767,0.4614624505928854,0.5098484848484848,0.6448412698412698,0.3893387314439946,0.4236111111111111,0.5159090909090909,0.3759704968944099,0.6011139323449914,0.5303030303030303,0.563942681767096,0.5161504011942526,0.6585443037974683,0.59710953346856,0.49278800374262033,0.5002378892733564,0.49570330167345095,0.5736,0.5986111111111111,0.5318462401795735,0.4995670995670996,0.39423076923076916,0.737603305785124,0.35174825174825175,0.572672510212021,0.5190796857463524,0.4537037037037036,0.5529166666666666,0.5050952591936199,0.5241935483870968,0.6175,0.5074800762300762,0.46780736684917873,0.38914027149321273,0.6202205882352941,0.47029130937176916,0.5976080246913581,0.4702566964285715,0.43333333333333335,0.5465927750410509,0.5381381381381382,0.5289075892161447,0.45524258407212065,0.44915254237288127,0.5000324886289799,0.5047021943573666,0.49981762474467467,0.5012228260869565,0.726890756302521,0.4429585152838428,0.3794745484400657,0.382175622542595,0.322463768115942
18,0.5595238095238095,0.5330882352941176,0.527479091995221,0.5573089700996677,0.6589743589743591,0.4783549783549784,0.49286033020972786,0.6452569169960474,0.3333333333333333,0.7698412698412699,0.5553306342780027,0.5150763358778626,0.984375,0.6197107919254659,0.4565484478663281,0.5154882154882154,0.5203272239993084,0.4857436088822541,0.5982594936708862,0.5758113590263692,0.4895173510196984,0.48275843425605536,0.48654454997738583,0.6656,0.7180555555555556,0.4889870931537599,0.4012987012987013,0.3173076923076923,0.7334710743801653,0.4855144855144855,0.5225059570122543,0.44023569023569015,0.4537037037037037,0.5483333333333333,0.5120735489587949,0.5005040322580645,0.49283333333333335,0.4739345114345114,0.5218018914883027,0.5520361990950227,0.5551470588235294,0.4588882807273612,0.6257716049382716,0.5618861607142857,0.7,0.540024630541872,0.5516516516516516,0.5580489325229858,0.5802192047282384,0.4926189174412247,0.4993502274204028,0.4815047021943573,0.46863145608403856,0.6118885869565217,0.4642857142857142,0.6099680886798792,0.6331691297208539,0.4697247706422018,0.597463768115942
27,0.5380952380952381,0.6727941176470589,0.4468339307048985,0.43964562569213733,0.7012820512820512,0.4902597402597403,0.6407109921166146,0.7005928853754941,0.4984848484848484,0.5912698412698413,0.47503373819163297,0.5278625954198473,0.6710227272727274,0.8770424836601307,0.7760258825456628,0.6592592592592593,0.48326056885968705,0.6547210300429185,0.4167721518987342,0.6184077079107505,0.5338202051817076,0.5352887110726644,0.9000452284034373,0.7664,0.8111111111111112,0.6444304152637487,0.49393939393939396,0.8108974358974359,0.44214876033057854,0.7828171828171828,0.5434223643260064,0.5909090909090909,0.6944444444444443,0.7758333333333333,0.4560810810810811,0.626008064516129,0.46816666666666656,0.55262474012474,0.5018977103036336,0.6787330316742081,0.5952205882352941,0.50083622210059,0.7125771604938271,0.6080357142857142,0.7433333333333334,0.585591133004926,0.5693693693693694,0.5264921302789466,0.6300826693599669,0.8237652633497358,0.5482456140350878,0.6197492163009404,0.47180478552669974,0.6606657608695653,0.796218487394958,0.561975142761169,0.9257799671592776,0.7458715596330273,0.9391304347826087
9,0.6726190476190476,0.6047794117647058,0.47909199522102747,0.5124584717607973,0.6551282051282051,0.551948051948052,0.5779413952104715,0.5079051383399209,0.3541666666666667,0.5833333333333334,0.5931174089068827,0.5536259541984733,0.6812499999999999,0.7639751552795031,0.8055555555555555,0.5779461279461279,0.4961420420160802,0.5190800522485538,0.5044303797468355,0.6016734279918865,0.46004007584602263,0.5151167820069205,0.6813658977838083,0.5672,0.7166666666666667,0.4930555555555555,0.645021645021645,0.5801282051282052,0.5103305785123966,0.6221778221778221,0.4771019743240614,0.4977553310886644,0.4351851851851852,0.7254166666666667,0.5141781125387682,0.45917338709677424,0.46649999999999997,0.5195079695079695,0.42215654554504733,0.753393665158371,0.6209558823529412,0.5203810131971052,0.5165895061728394,0.5292689732142858,0.5333333333333333,0.47331691297208534,0.5687687687687688,0.5187782452859591,0.6127071409867954,0.5993256788773464,0.5366471734892787,0.48652037617554855,0.4751969652757514,0.5486413043478261,0.7710084033613446,0.5987781323480014,0.7904761904761906,0.626867627785059,0.7909420289855073
11,0.5119047619047619,0.6636029411764707,0.486857825567503,0.46096345514950166,0.5884615384615385,0.5844155844155844,0.5241707571024841,0.517786561264822,0.49696969696969695,0.5634920634920635,0.4183535762483131,0.4402671755725191,0.5886363636363636,0.7830939440993788,0.763698910639692,0.7142857142857143,0.4166054292383505,0.602519126702743,0.5704113924050633,0.6379310344827587,0.5171667867286021,0.540241133217993,0.7966983265490729,0.37440000000000007,0.7333333333333334,0.47748316498316495,0.6272727272727272,0.30128205128205127,0.37396694214876036,0.45374625374625377,0.4698289486481229,0.4758698092031426,0.6111111111111112,0.7083333333333334,0.54441736818786,0.5428427419354839,0.3821666666666667,0.5373917186417185,0.5009706321553011,0.585972850678733,0.7496323529411765,0.5133187374566686,0.6531635802469137,0.6040736607142858,0.5966666666666667,0.6026272577996716,0.6462462462462463,0.5475299984416395,0.7266674148056708,0.7811190085657007,0.5773229369720597,0.5780564263322884,0.4667347534286547,0.559375,0.6008403361344538,0.6190796103459858,0.9201970443349754,0.5159895150720839,0.6760869565217391
7,0.6535714285714286,0.45404411764705876,0.44802867383512546,0.5960686600221484,0.32820512820512826,0.4361471861471861,0.5056522385839655,0.5405138339920948,0.5587121212121213,0.5059523809523809,0.5040485829959515,0.6404580152671756,0.5261363636363635,0.35554153726708076,0.3698501105741666,0.41464646464646465,0.5843621399176954,0.47548983019220004,0.5955696202531646,0.5035496957403651,0.49012594083016614,0.4742971453287197,0.3072139303482587,0.508,0.5777777777777777,0.5101010101010102,0.5320346320346321,0.33974358974358976,0.5619834710743802,0.3948051948051948,0.538905976463723,0.5707070707070707,0.7592592592592592,0.4375,0.49662162162162166,0.38004032258064513,0.5938333333333334,0.4625606375606376,0.4671353907416625,0.4524886877828054,0.4525735294117647,0.47639573070607555,0.40702160493827166,0.41531808035714285,0.26666666666666666,0.3910098522167488,0.4774774774774775,0.4657160666978339,0.38744248681405,0.23838162930563148,0.5105263157894737,0.3043887147335423,0.5962211847096586,0.44592391304347834,0.2100840336134454,0.4548622774605307,0.16288998357963874,0.3680209698558322,0.37427536231884057
29,0.5464285714285715,0.4540441176470589,0.5692951015531661,0.4897563676633444,0.6961538461538462,0.3582251082251082,0.6220437304774654,0.58399209486166,0.5079545454545454,0.5833333333333334,0.4385964912280702,0.5730916030534351,0.5553977272727273,0.7837732919254657,0.6518961421901875,0.4626262626262626,0.5423835047981327,0.8423456339057362,0.49493670886075947,0.5164807302231238,0.538637172831226,0.568074178200692,0.7788331071913162,0.6488,0.538888888888889,0.6542508417508418,0.3904761904761905,0.6506410256410257,0.6136363636363636,0.701098901098901,0.5093275870453219,0.5538720538720538,0.5370370370370371,0.5904166666666667,0.43857997341603894,0.6144153225806452,0.5806666666666667,0.5114821552321552,0.5209432553509209,0.4796380090497737,0.5455882352941176,0.5094341056984736,0.5135030864197532,0.5152064732142857,0.7433333333333334,0.6149425287356322,0.49699699699699706,0.5917874396135265,0.5333669995885235,0.858848186622927,0.5154970760233919,0.44858934169278997,0.48712430697402975,0.5538722826086957,0.5336134453781513,0.5445708767215318,0.9088669950738917,0.6294888597640891,0.9166666666666666
16,0.44285714285714284,0.5459558823529411,0.42771804062126645,0.540420819490587,0.4371794871794872,0.5876623376623378,0.48698497694481624,0.3735177865612648,0.5075757575757576,0.7797619047619048,0.5283400809716599,0.5494274809160306,0.4715909090909091,0.4729716614906832,0.44426242935539356,0.5493265993265992,0.4992003112302239,0.4126982646016048,0.6196969696969697,0.42393509127789053,0.4841849450613143,0.5033196366782007,0.5201266395296246,0.40959999999999996,0.6000000000000001,0.4421296296296296,0.5896103896103896,0.19871794871794873,0.8574380165289256,0.3006993006993007,0.5333987794203463,0.4820426487093154,0.5462962962962963,0.5325000000000001,0.49379707576428883,0.48991935483870974,0.4795,0.4796560984060984,0.5119275759084121,0.5475113122171945,0.524264705882353,0.47052697196375354,0.5420524691358025,0.4274832589285714,0.30333333333333334,0.6258210180623974,0.4810810810810811,0.4801309022907901,0.6319156099203231,0.25013668671405137,0.5254061078622483,0.4297805642633229,0.5577764808870732,0.44660326086956526,0.5336134453781514,0.5125755794423916,0.2579638752052545,0.34115334207077325,0.32028985507246377
42,0.6773809523809523,0.4742647058823529,0.4498207885304659,0.466500553709856,0.8320512820512821,0.6082251082251082,0.5200059497248253,0.6472332015810277,0.5579545454545455,0.41468253968253965,0.6443994601889339,0.5381679389312977,0.805965909090909,0.6776494565217389,0.7682856908837742,0.7166666666666667,0.5278486210772024,0.511597312931517,0.5824367088607595,0.683982683982684,0.508600988647937,0.5323799740484428,0.7656037991858887,0.5632,0.6319444444444444,0.4468294051627385,0.5186147186147186,0.7596153846153847,0.5227272727272727,0.44045954045954044,0.5650985946313947,0.5058922558922558,0.574074074074074,0.56125,0.4803943287549845,0.5105846774193548,0.586,0.5246534996534995,0.4546540567446491,0.8212669683257918,0.5790441176470588,0.5107796630785136,0.6817129629629629,0.5896763392857144,0.5933333333333334,0.6307471264367815,0.6099099099099099,0.4621318373071529,0.5367523285826507,0.5872972480408238,0.5830734243014946,0.5648902821316615,0.45670411438576014,0.5356657608695652,0.8382352941176471,0.5295809539805172,0.7904761904761904,0.5969855832241153,0.4134057971014493
45,0.46785714285714286,0.5772058823529411,0.5017921146953405,0.34579180509413066,0.47179487179487184,0.48484848484848486,0.6120035698348952,0.5790513833992095,0.5306818181818183,0.5476190476190477,0.5802968960863698,0.5772900763358779,0.5303977272727273,0.42381599378881984,0.42759439757555906,0.658080808080808,0.4727133223826403,0.5346239970143684,0.709493670886076,0.4107505070993915,0.5838145838145838,0.5452368079584775,0.4141791044776119,0.6192,0.8333333333333335,0.5898569023569024,0.6307359307359308,0.7019230769230769,0.5578512396694215,0.356043956043956,0.5286726804123711,0.547699214365881,0.2777777777777778,0.6845833333333333,0.6039543642002657,0.6607862903225807,0.5151666666666668,0.5526593901593901,0.5222809855649577,0.6447963800904978,0.5727941176470588,0.5314419509821808,0.6041666666666667,0.44609374999999996,0.3,0.5494663382594418,0.6474474474474475,0.5341280972417016,0.5412037556578012,0.6788773464552579,0.5238466536712151,0.6658307210031348,0.45196235774730076,0.621671195652174,0.4684873949579832,0.5350394692643602,0.6857142857142857,0.508781127129751,0.31666666666666665
6,0.4916666666666667,0.4319852941176471,0.5483870967741936,0.407530454042082,0.41666666666666674,0.6428571428571428,0.47612672913877735,0.3942687747035573,0.5276515151515151,0.5615079365079365,0.7786774628879891,0.5148854961832061,0.5664772727272727,0.677649456521739,0.5058563354902121,0.48249158249158247,0.5024639059393101,0.6573427878335509,0.30284810126582273,0.5968559837728193,0.5347869107650016,0.6276803118908381,0.692107643600181,0.704,0.8375,0.6366442199775533,0.4748917748917749,0.6410256410256411,0.6921487603305785,0.7203796203796203,0.5072547899241392,0.6282267115600448,0.2685185185185185,0.5079166666666667,0.44882587505538324,0.5453629032258064,0.4936666666666667,0.5208290020790021,0.5505786460925833,0.6493212669683257,0.47279411764705886,0.5211032050112511,0.6265432098765432,0.5470424107142856,0.5933333333333333,0.5749178981937603,0.5396396396396397,0.5553997194950911,0.5975947331014102,0.9140696190996902,0.501819363222872,0.5078369905956113,0.4962795447913627,0.5028532608695653,0.5105042016806722,0.527901410816258,0.961576354679803,0.48296199213630403,0.743840579710145
28,0.5154761904761905,0.6139705882352942,0.3876941457586619,0.5174418604651163,0.8025641025641026,0.474025974025974,0.629927115870891,0.7015810276679841,0.5409090909090909,0.6507936507936508,0.5310391363022942,0.5887404580152671,0.734090909090909,0.8794642857142857,0.7201244983209109,0.6291245791245791,0.4964878533759834,0.6180630714685577,0.520253164556962,0.6561866125760648,0.5300320441165511,0.5430525519031142,0.9642857142857143,0.6208,0.8486111111111112,0.6071127946127945,0.4831168831168831,0.6378205128205128,0.4442148760330578,0.752047952047952,0.5332954434934837,0.5516273849607183,0.537037037037037,0.7254166666666667,0.47269605671245013,0.6169354838709677,0.4565,0.5403283090783091,0.4920856147336984,0.6696832579185521,0.6404411764705882,0.509418901660281,0.6847993827160495,0.6203683035714285,0.6366666666666666,0.6024220032840722,0.560960960960961,0.5913199314321335,0.6202446414543822,0.7947876799708402,0.5582521117608836,0.5918495297805643,0.5006930259702363,0.6322690217391305,0.7815126050420168,0.5545641585488746,0.8947454844006568,0.7314547837483617,0.9057971014492753
17,0.5547619047619048,0.4522058823529412,0.4778972520908005,0.34302325581395354,0.6141025641025641,0.4155844155844156,0.6741038226982001,0.6610671936758894,0.5113636363636364,0.5992063492063492,0.4993252361673414,0.5984732824427481,0.3576704545454545,0.7551436335403726,0.655950528298796,0.42356902356902354,0.5259682718077289,0.5664303041612241,0.4688291139240507,0.4847870182555781,0.5322635400882663,0.5578287197231835,0.5800542740841248,0.8636363636363635,0.736111111111111,0.6627384960718294,0.42294372294372296,0.7307692307692307,0.3223140495867769,0.7192807192807193,0.5555521785644816,0.5361952861952861,0.4907407407407407,0.6229166666666667,0.4598471422241914,0.5942540322580645,0.5376666666666666,0.5370668745668745,0.5070184171229467,0.7149321266968325,0.4841911764705882,0.5049109043361917,0.6508487654320988,0.5554408482142856,0.58,0.5092364532019704,0.5543543543543544,0.6067477014181082,0.4830172446040474,0.7238017131401495,0.5090643274853801,0.5476489028213165,0.4333236066530493,0.5948369565217391,0.7689075630252101,0.4495297279140074,0.9282430213464695,0.6294888597640892,0.9221014492753623
1,0.6452380952380953,0.6838235294117647,0.38291517323775387,0.39977851605758585,0.676923076923077,0.5670995670995671,0.6249442213297636,0.6482213438735179,0.6022727272727274,0.5714285714285714,0.5,0.585114503816794,0.6818181818181818,0.7679541925465839,0.7360553689900893,0.6572390572390573,0.5096611048672949,0.5657118865459975,0.46598101265822783,0.5895030425963489,0.5331308840698512,0.5643706747404843,0.8533469018543647,0.6784,0.8645833333333334,0.554503367003367,0.4506493506493507,0.6570512820512822,0.41942148760330583,0.5903096903096904,0.5548257877844778,0.5968013468013468,0.45370370370370366,0.8058333333333333,0.54186973859105,0.5902217741935484,0.4765,0.5486183298683297,0.5163078646092583,0.6470588235294117,0.7650735294117648,0.526356200206775,0.7827932098765432,0.6026506696428572,0.37,0.5671182266009852,0.6480480480480482,0.5499454573788374,0.6616915422885572,0.8028066338618552,0.5487654320987654,0.6344827586206897,0.46600525240735335,0.6896739130434781,0.7920168067226891,0.5916400738998993,0.9233169129720854,0.6017038007863696,0.8579710144927536
10,0.682142857142857,0.44669117647058826,0.5627240143369177,0.5016611295681063,0.6435897435897436,0.3777056277056277,0.6551390748177895,0.6442687747035574,0.36628787878787883,0.623015873015873,0.5229419703103914,0.5700381679389313,0.47755681818181817,0.6657608695652174,0.6037759030223605,0.4383838383838384,0.5380176363793551,0.6471823101324874,0.37468354430379747,0.5344827586206896,0.5238799049440676,0.5221291089965399,0.7393713251922208,0.8791999999999999,0.5680555555555555,0.7596153846153846,0.48225108225108226,0.8910256410256411,0.5289256198347108,0.7975024975024975,0.4880464646955845,0.5454545454545454,0.5370370370370371,0.5962500000000001,0.4366969428444838,0.5725806451612903,0.5761666666666666,0.5502642065142065,0.5409221005475361,0.5814479638009049,0.5441176470588235,0.5133339414948611,0.5790895061728395,0.5401227678571429,0.7733333333333333,0.5004105090311987,0.46396396396396394,0.5116877045348294,0.47892118355590463,0.7912338254055039,0.47797270955165694,0.49749216300940435,0.4616282462795448,0.5171195652173913,0.5798319327731092,0.5118407793080282,0.692775041050903,0.6908256880733944,0.8170289855072463
19,0.4714285714285714,0.33088235294117646,0.5716845878136201,0.5750276854928017,0.3871794871794872,0.5963203463203463,0.3736427190242451,0.3310276679841897,0.44053030303030305,0.517857142857143,0.4230769230769231,0.3931297709923664,0.45227272727272727,0.46622670807453415,0.4339012204111721,0.5156565656565657,0.49034970173770204,0.44579212539652924,0.4886075949367089,0.38057809330628806,0.4940300237639831,0.4798334775086505,0.24457259158751696,0.412,0.3236111111111111,0.40691638608305275,0.7152777777777778,0.3814102564102565,0.53099173553719,0.3606393606393606,0.47195341373273686,0.446408529741863,0.4722222222222222,0.39625,0.5524479397430216,0.516633064516129,0.4425,0.48285689535689535,0.5219325535092084,0.3687782805429864,0.4941176470588235,0.5016268320866022,0.4467592592592593,0.4773995535714286,0.38666666666666666,0.5369458128078818,0.4447447447447448,0.477715443353592,0.4605917779523435,0.33925642427556046,0.5245938921377518,0.4761755485893417,0.5726218266705573,0.3626358695652174,0.338235294117647,0.49871934833725223,0.18489326765188832,0.38479685452162515,0.7119565217391304
26,0.6309523809523809,0.49816176470588236,0.42891278375149344,0.5124584717607973,0.7102564102564103,0.4274891774891775,0.6401160196340919,0.7381422924901186,0.5772727272727273,0.7380952380952381,0.5850202429149798,0.5988549618320611,0.3130681818181818,0.7228260869565217,0.7424440986157753,0.505892255892256,0.5382661882942855,0.6025004665049449,0.439873417721519,0.6703853955375254,0.5334144786413957,0.5387056660899655,0.6913161465400272,0.7528,0.6375,0.6452721661054993,0.3645021645021645,0.888888888888889,0.34090909090909094,0.8010989010989011,0.5642293571289632,0.5867003367003367,0.43518518518518523,0.70125,0.4391891891891892,0.6214717741935485,0.5655,0.5427451489951489,0.4862493777999004,0.6266968325791855,0.5213235294117647,0.5204418293498754,0.5895061728395061,0.5470145089285714,0.7366666666666667,0.5231937602627258,0.43663663663663665,0.5577372604020571,0.4813339318445367,0.8549298341534535,0.5165042235217674,0.5949843260188088,0.4004231105923548,0.5868885869565218,0.7710084033613446,0.4467374874034263,0.8926108374384236,0.7340760157273918,0.8999999999999999
8,0.6023809523809524,0.6819852941176471,0.41158900836320195,0.5406976744186046,0.608974358974359,0.5735930735930735,0.4735980960880559,0.3448616600790514,0.32386363636363635,0.876984126984127,0.6464237516869096,0.6681297709923664,0.7000000000000001,0.5710403726708074,0.5939061348185765,0.45303030303030306,0.5521850955303883,0.5633700317223362,0.6643987341772152,0.5266227180527384,0.49722822531899213,0.5243782439446367,0.7060153776571687,0.45680000000000004,0.751388888888889,0.46212121212121215,0.5203463203463203,0.29166666666666674,1.0,0.647952047952048,0.4493046099980548,0.6301907968574635,0.4814814814814815,0.46625,0.5053167922020381,0.5131048387096774,0.42083333333333334,0.48669438669438664,0.48592583374813336,0.6040723981900452,0.5573529411764706,0.5051845770236576,0.4483024691358024,0.531640625,0.7633333333333333,0.5176518883415435,0.46216216216216216,0.5008570983325542,0.6511240788538509,0.6506287588846363,0.47709551656920074,0.5103448275862068,0.5706156988619784,0.5859375,0.7163865546218487,0.5849009069533087,0.5592775041050904,0.3803407601572739,0.6144927536231884
21,0.7,0.38602941176470584,0.4086021505376345,0.4698228128460687,0.785897435897436,0.42748917748917753,0.6479250334672022,0.642292490118577,0.6098484848484849,0.755952380952381,0.6410256410256411,0.6068702290076335,0.39119318181818186,0.7578125,0.6643050208862314,0.4547138047138046,0.5682329039508949,0.5875629781675685,0.49303797468354427,0.6293103448275861,0.5302286972866004,0.5272599480968857,0.8513116236996834,0.6824,0.4527777777777777,0.6171436588103254,0.45194805194805193,0.8910256410256411,0.4731404958677686,0.8191094619666048,0.541808500291772,0.6299102132435466,0.6851851851851851,0.6116666666666667,0.4554718653079309,0.6310483870967741,0.5651666666666666,0.4980032917532918,0.4797038327526133,0.6266968325791855,0.5297794117647059,0.4982819436842426,0.5848765432098766,0.6145926339285716,0.6633333333333333,0.5648604269293924,0.44804804804804815,0.5643602929717936,0.43537949350989413,0.8078184800437398,0.5349252761533464,0.5410658307210031,0.42934782608695654,0.6091032608695652,0.7773109243697478,0.45032751091703055,0.8412151067323481,0.7070773263433814,0.8496376811594203
44,0.6523809523809524,0.4779411764705882,0.4402628434886499,0.42967884828349945,0.4948717948717949,0.3777056277056277,0.5869403540086272,0.607707509881423,0.7284090909090909,0.8154761904761905,0.573549257759784,0.5125954198473283,0.5127840909090909,0.4622961956521739,0.32435088868867223,0.4441077441077442,0.49358087663179734,0.42121664489643595,0.5721518987341772,0.584685598377282,0.5307027349280871,0.54339857266436,0.3230438715513343,0.7088,0.4527777777777777,0.5817901234567902,0.42164502164502166,0.483974358974359,0.4979338842975206,0.4366633366633367,0.6385049059467665,0.5084175084175084,0.47222222222222227,0.6433333333333333,0.4735268054940186,0.627016129032258,0.5981666666666666,0.5047470547470548,0.47995893479342955,0.6923076923076924,0.5433823529411764,0.4595192483123518,0.6624228395061729,0.5704799107142857,0.21666666666666667,0.48316912972085385,0.4402402402402402,0.4659498207885304,0.4296562301275577,0.6370512119555313,0.5104938271604939,0.48056426332288404,0.46768310475634667,0.7041440217391304,0.8130252100840337,0.43013100436681223,0.5410509031198686,0.563564875491481,0.4706521739130434
43,0.5678571428571428,0.7261029411764706,0.3859020310633213,0.457641196013289,0.6346153846153847,0.41233766233766234,0.50111557340473,0.48023715415019763,0.5708333333333333,0.7301587301587301,0.4912280701754386,0.6162213740458016,0.3730113636363636,0.6056385869565217,0.6619706773691539,0.507912457912458,0.5571561338289963,0.6296603844000747,0.6702531645569619,0.5841784989858012,0.5269725347972609,0.571047794117647,0.7027363184079602,0.6504000000000002,0.9125000000000001,0.5519079685746353,0.577922077922078,0.4871794871794872,0.7148760330578513,0.6248751248751249,0.549291237113402,0.3105263157894737,0.5833333333333333,0.5841666666666666,0.5235378821444395,0.6345766129032259,0.5603333333333333,0.5044655232155232,0.4806682429069189,0.6900452488687783,0.6150735294117647,0.48773794319771335,0.6458333333333333,0.5682198660714286,0.7033333333333334,0.5597290640394089,0.5648648648648649,0.5116877045348294,0.5483297796730633,0.804082376526335,0.5333658219623131,0.5755485893416927,0.4075722206011088,0.6305027173913044,0.6701680672268908,0.6312562982868659,0.9472906403940886,0.6351245085190039,0.5836956521739131
36,0.5488095238095239,0.3033088235294118,0.4318996415770609,0.45957918050941304,0.5538461538461539,0.6071428571428571,0.47612672913877735,0.4772727272727273,0.7026515151515152,0.30753968253968256,0.5566801619433199,0.48969465648854965,0.3551136363636364,0.5943808229813664,0.5909574903759521,0.4981481481481482,0.5758083340537736,0.3559246128008957,0.45664556962025316,0.5747971602434078,0.4792230750759703,0.49229563148788924,0.3450927182270465,0.3376,0.5180555555555555,0.38895903479236815,0.44632034632034634,0.7532051282051283,0.5640495867768596,0.2123876123876124,0.5227095895740128,0.4952300785634119,0.25,0.5716666666666668,0.4224080638015065,0.45816532258064513,0.5913333333333333,0.5168918918918919,0.5696428571428571,0.6289592760180995,0.4955882352941176,0.44756887429301223,0.47492283950617287,0.4699776785714286,0.29333333333333333,0.5426929392446634,0.5147147147147147,0.4320554776375253,0.39062207758201467,0.16429743028977584,0.5077647823261858,0.5445141065830721,0.4798657718120805,0.40169836956521743,0.5483193277310925,0.40101192475646624,0.25336617405582923,0.40406290956749674,0.16159420289855075
31,0.5333333333333333,0.5790441176470589,0.40800477897252097,0.4781284606866002,0.7102564102564103,0.4220779220779221,0.629480886508999,0.7104743083003953,0.5378787878787878,0.5753968253968254,0.4446693657219974,0.5198473282442748,0.446875,0.7492721273291926,0.8067818822180359,0.597979797979798,0.4926515086020576,0.5866486284754617,0.35395569620253164,0.5915314401622718,0.5424046335626931,0.5466154844290656,0.8323156942559927,0.7256,0.85,0.6118125701459034,0.4588744588744589,0.7564102564102564,0.19214876033057848,0.7106893106893106,0.5231928369966933,0.516273849607183,0.4814814814814815,0.6464285714285715,0.46887461231723526,0.530241935483871,0.5568333333333334,0.564067914067914,0.5049216027874565,0.6809954751131222,0.5933823529411765,0.5109241014413427,0.6840277777777777,0.6217633928571428,0.4433333333333333,0.5244252873563219,0.5945945945945945,0.5889823905251675,0.5880559607975162,0.8413522872243485,0.5397011046133853,0.584012539184953,0.44014444120221763,0.6188858695652173,0.7689075630252101,0.5707717500839771,0.9004926108374385,0.737745740498034,0.9097826086956522
62,0.3130952380952381,0.7408088235294117,0.6547192353643967,0.42995570321151716,0.40384615384615385,0.4512987012987013,0.5000743715603153,0.3863636363636364,0.46893939393939393,0.41269841269841273,0.4433198380566802,0.4291984732824427,0.421875,0.5280958850931676,0.4185027438774675,0.5097643097643098,0.5170204028702343,0.4723082664676246,0.53623417721519,0.44827586206896547,0.5176739449039919,0.47530276816608996,0.5272501130710086,0.6008,0.42361111111111105,0.5116442199775532,0.42554112554112555,0.6538461538461539,0.31611570247933884,0.6500499500499501,0.47682843804707253,0.42340067340067344,0.36111111111111105,0.3058333333333333,0.4919110212335692,0.4642137096774194,0.35983333333333334,0.4874090436590437,0.5513937282229966,0.3167420814479638,0.5176470588235295,0.5070166636258591,0.4544753086419754,0.5154854910714286,0.74,0.4119458128078818,0.5561561561561562,0.5221287205859436,0.5150562974600681,0.6170038272279935,0.47725795971410007,0.5053291536050156,0.5027721038809455,0.5033967391304348,0.18067226890756302,0.41801729929459186,0.5395730706075534,0.5043250327653996,0.46014492753623193
54,0.6261904761904762,0.5,0.4551971326164875,0.5052602436323367,0.6384615384615385,0.45995670995670995,0.5914770191878626,0.4980237154150198,0.46590909090909094,0.6031746031746033,0.4581646423751687,0.507824427480916,0.7036931818181819,0.7415566770186336,0.6545990662625931,0.5367003367003367,0.536375032419815,0.6386266094420601,0.3414556962025317,0.6108012170385395,0.5294586448733554,0.532731401384083,0.7471732247851651,0.5752,0.6152777777777778,0.620230078563412,0.4792207792207792,0.4967948717948718,0.5247933884297521,0.7071928071928072,0.5573484001167088,0.5642536475869808,0.537037037037037,0.6029166666666668,0.5672906513070447,0.423469387755102,0.4836666666666667,0.5264379764379765,0.4751368840219014,0.7171945701357466,0.5602941176470588,0.5165495955725841,0.5443672839506173,0.5929129464285714,0.8300000000000001,0.5207307060755336,0.5099099099099099,0.5503350475299984,0.61186548460704,0.676508110078367,0.5441520467836258,0.5648902821316615,0.43365188211263495,0.6264945652173912,0.7226890756302521,0.5593718508565669,0.8888341543513957,0.682175622542595,0.8275362318840579
53,0.48452380952380947,0.32352941176470584,0.5651135005973715,0.4568106312292359,0.7230769230769231,0.3777056277056277,0.5980960880559275,0.5671936758893281,0.584469696969697,0.37103174603174605,0.5310391363022943,0.525381679389313,0.4732954545454545,0.5744856366459627,0.537349496273241,0.2902356902356903,0.5656285121466241,0.4744915096100019,0.4082278481012658,0.5699797160243408,0.5028835564829305,0.44861051038062283,0.574400723654455,0.4664,0.39861111111111114,0.5675505050505051,0.3974025974025974,0.7275641025641026,0.2830578512396694,0.6275724275724276,0.5395077562730985,0.5448933782267116,0.7592592592592593,0.40291666666666665,0.43952148870181657,0.5398185483870968,0.5086206896551724,0.49173596673596676,0.46668740666998504,0.4321266968325792,0.3801470588235294,0.5305829228243022,0.43325617283950624,0.4762834821428571,0.6833333333333333,0.3454433497536946,0.4852852852852853,0.5186224092254947,0.40393895185725504,0.5472936030617824,0.457277452891488,0.5269592476489029,0.441858768602276,0.5347146739130434,0.6134453781512605,0.4841283170977494,0.5262725779967159,0.5779816513761468,0.5456521739130434
37,0.5345238095238095,0.5808823529411765,0.5770609318996416,0.40919158361018826,0.5576923076923077,0.538961038961039,0.5488621151271753,0.6541501976284585,0.4196969696969697,0.40674603174603174,0.4338731443994602,0.5891221374045802,0.5440340909090908,0.6459627329192547,0.611024653943812,0.6801346801346801,0.4488847583643123,0.5348479193879456,0.43433544303797467,0.5408215010141988,0.5247079182916429,0.5238159602076126,0.48100407055630934,0.6112,0.8236111111111111,0.5493125701459034,0.4800865800865801,0.4326923076923077,0.35330578512396693,0.47382617382617376,0.493815040848084,0.5120650953984287,0.39814814814814814,0.7458333333333335,0.5693398316349135,0.4984879032258064,0.5276666666666666,0.5549370393120393,0.5104218516674963,0.6244343891402715,0.5231617647058823,0.511403028644408,0.6709104938271605,0.5631696428571428,0.3966666666666667,0.5494663382594417,0.5456456456456457,0.5472962443509427,0.5964912280701754,0.4296519045015491,0.5270305393112411,0.6385579937304074,0.48956813539538957,0.5749320652173913,0.5567226890756303,0.5291820624790057,0.7323481116584565,0.6070773263433814,0.5163043478260869
39,0.569047619047619,0.4779411764705882,0.5752688172043011,0.4977851605758582,0.37564102564102564,0.5097402597402597,0.5182210322772572,0.3784584980237154,0.45416666666666666,0.8273809523809524,0.40553306342780027,0.46679389312977104,0.5735795454545454,0.44026591614906835,0.45667130805143746,0.5974747474747474,0.43530085588311573,0.5001399514834857,0.5373417721518987,0.3648580121703854,0.5377615487161653,0.522026384083045,0.4555630936227952,0.6120000000000001,0.6305555555555556,0.4793069584736251,0.6554112554112554,0.45833333333333337,0.5330578512396694,0.40679320679320685,0.5104642822408092,0.4497755331088664,0.5092592592592593,0.6066666666666667,0.4610101905183873,0.44455645161290325,0.4568333333333333,0.5482545045045044,0.4768740031897927,0.39819004524886875,0.4294117647058824,0.4995894909688013,0.5906635802469136,0.45103236607142855,0.48000000000000004,0.6395730706075534,0.6105105105105105,0.4889356397070282,0.5138405715781993,0.5969564425004555,0.42563352826510725,0.5987460815047022,0.5925736796031513,0.4943614130434783,0.2689075630252101,0.48414931138730266,0.661904761904762,0.41336828309305373,0.29492753623188406
52,0.5952380952380952,0.35661764705882354,0.525089605734767,0.4476744186046511,0.7346153846153846,0.43614718614718617,0.6480737765878329,0.650197628458498,0.6276515151515152,0.6071428571428571,0.5384615384615384,0.6480916030534352,0.4860795454545454,0.7276300465838509,0.7795478745187976,0.49983164983164985,0.5063758969482148,0.5143776824034335,0.4473101265822785,0.7038539553752536,0.5254841808049946,0.5343371539792388,0.7896879240162822,0.7335999999999999,0.7625,0.6030443322109987,0.32987012987012987,0.7371794871794871,0.4442148760330578,0.6027972027972027,0.5704051984049796,0.5620089786756454,0.6111111111111112,0.7358333333333332,0.46665928223305275,0.5987903225806451,0.5750000000000001,0.5190705128205129,0.4607578397212544,0.7142857142857143,0.6209558823529411,0.5152420482880253,0.6666666666666667,0.6014508928571429,0.6066666666666667,0.5704022988505748,0.5585585585585585,0.5439457690509584,0.5533236075262784,0.772188809914343,0.5269980506822611,0.5884012539184953,0.4286548001167202,0.6218750000000001,0.7584033613445379,0.4869835404769903,0.9160919540229884,0.7154652686762778,0.8608695652173912
55,0.6023809523809524,0.5735294117647058,0.3835125448028674,0.38759689922480617,0.49615384615384617,0.5649350649350648,0.603302097278001,0.6324110671936759,0.5958333333333334,0.46031746031746035,0.5256410256410257,0.4956106870229008,0.599715909090909,0.7806191770186335,0.7456384634286182,0.7299663299663298,0.4551958156825452,0.4772625489830192,0.39984177215189876,0.6156186612576064,0.5132275132275131,0.5625919117647059,0.7766847580280417,0.5928,0.9277777777777778,0.48547979797979796,0.535064935064935,0.41346153846153844,0.6012396694214877,0.3753246753246753,0.5374167234001167,0.6299102132435465,0.35185185185185186,0.7312500000000001,0.49905848471422243,0.5080645161290323,0.4726666666666667,0.5191311503811503,0.46316575410652067,0.6696832579185521,0.7633136094674556,0.5268351274098402,0.8121141975308642,0.6358537946428571,0.5466666666666666,0.5882594417077176,0.645945945945946,0.5016362786348761,0.6870908614820634,0.7643521049753963,0.567283950617284,0.6504702194357367,0.4666253282754596,0.6199048913043479,0.76890756302521,0.664994121598925,0.9197044334975368,0.5444298820445609,0.5159420289855072
46,0.6464285714285715,0.5716911764705883,0.470131421744325,0.45653377630121816,0.5166666666666666,0.5487012987012987,0.5217908671723933,0.5128458498023715,0.5386363636363636,0.48412698412698413,0.4392712550607287,0.48091603053435117,0.35625,0.6256793478260869,0.7080842001801949,0.7661616161616162,0.465710642344601,0.5745008397089009,0.5485759493670885,0.5038032454361054,0.4925375297049788,0.5555201124567474,0.5664857530529173,0.4416,0.8333333333333334,0.4036896745230078,0.7086580086580088,0.29487179487179493,0.47107438016528924,0.41568431568431563,0.4539152159113013,0.526374859708193,0.5555555555555556,0.6770833333333334,0.4557487815684537,0.3976814516129032,0.47783333333333333,0.5125086625086624,0.5070681931309108,0.5950226244343891,0.582720588235294,0.4667341430499325,0.5011574074074074,0.49986049107142855,0.5933333333333334,0.6030377668308703,0.6114114114114114,0.5546984572230014,0.6611304380353868,0.6269363951157281,0.5689733593242365,0.5366771159874608,0.548985993580391,0.5970108695652174,0.5903361344537814,0.5851108498488411,0.838423645320197,0.5608125819134994,0.5677536231884058
41,0.5714285714285715,0.5349264705882353,0.43847072879330945,0.4629014396456257,0.5653846153846154,0.4891774891774892,0.6207050423917895,0.6719367588932805,0.6386363636363637,0.6170634920634921,0.49527665317139,0.5992366412213739,0.5684659090909091,0.7216129658385093,0.6910885412400688,0.6779461279461279,0.523850177228322,0.6244261989177086,0.5237341772151899,0.6975152129817443,0.5455469442167407,0.5465938581314879,0.6233604703753958,0.6335999999999999,0.8,0.5213945005611672,0.6307359307359308,0.47115384615384615,0.5371900826446281,0.5326673326673327,0.5833829751021202,0.5437710437710438,0.5833333333333333,0.6804166666666667,0.5283008418254319,0.48135080645161293,0.5584999999999999,0.5387257449757449,0.506806869089099,0.7601809954751131,0.7147058823529412,0.5097685945387095,0.775974025974026,0.6035993303571429,0.43333333333333335,0.5213464696223317,0.6597597597597598,0.5493221131369799,0.590824075113156,0.6673956624749408,0.4972384665367121,0.5134796238244513,0.47249781149693604,0.6013586956521739,0.7899159663865546,0.5436681222707423,0.8939244663382594,0.5842726081258192,0.519927536231884
48,0.65,0.6893382352941176,0.548984468339307,0.5542635658914729,0.6820512820512821,0.4437229437229438,0.5992860330209727,0.7045454545454546,0.5761363636363637,0.4087301587301587,0.6282051282051282,0.5412213740458015,0.68125,0.6499417701863353,0.6429683020722419,0.6513468013468013,0.479100025935852,0.3959880574734093,0.4835443037974684,0.6615111561866125,0.5130660506247361,0.5153925173010382,0.6596562641338761,0.6023999999999999,0.7125,0.5206228956228957,0.49740259740259735,0.5865384615384616,0.3842975206611571,0.492007992007992,0.5085647247617194,0.5384399551066218,0.15740740740740738,0.605,0.4995569339831635,0.5191532258064515,0.39399999999999996,0.5626515939015939,0.5199664011946242,0.7104072398190046,0.5908088235294118,0.5317612357842244,0.6157407407407407,0.7418964683115626,0.5233333333333332,0.5283251231527093,0.5618618618618618,0.5156615240766713,0.5505180862604271,0.4991798797156916,0.5554256010396361,0.635423197492163,0.4358768602276043,0.5967391304347827,0.6932773109243697,0.5381676184077931,0.44515599343185547,0.6297509829619922,0.6536231884057971
24,0.65,0.5992647058823529,0.2897252090800478,0.5730897009966778,0.5371794871794873,0.4956709956709956,0.533913431503793,0.5286561264822135,0.3848484848484849,0.6884920634920635,0.581646423751687,0.483206106870229,0.6690340909090909,0.7378202639751552,0.7309771480055698,0.5370370370370371,0.509185614247428,0.653069602537787,0.49683544303797467,0.6181541582150103,0.5207458744234956,0.5372999567474048,0.8133197648123022,0.4888,0.4930555555555556,0.6003086419753085,0.4922077922077922,0.6762820512820513,0.8181818181818182,0.7893106893106893,0.46485970628282436,0.5014029180695847,0.49074074074074076,0.48625000000000007,0.5035445281346921,0.6275201612903226,0.5519999999999999,0.49442134442134444,0.48691513190642105,0.38235294117647056,0.5875,0.5245241136045734,0.4456018518518519,0.5657087053571429,0.888888888888889,0.522783251231527,0.3852852852852853,0.5617889979741313,0.601859125425504,0.8136504465099326,0.517933723196881,0.5996865203761755,0.5105777648088707,0.48267663043478265,0.7016806722689075,0.5704778300302318,0.8328407224958949,0.6129750982961992,0.8978260869565218
23,0.48690476190476195,0.5882352941176471,0.4277180406212664,0.4343853820598006,0.6051282051282052,0.44047619047619047,0.4980663394318013,0.5395256916996047,0.5909090909090909,0.5476190476190477,0.35425101214574894,0.5249999999999999,0.3951704545454545,0.616605201863354,0.6214268162830698,0.5016835016835017,0.5205757759142388,0.6195932076880015,0.5063291139240507,0.5971095334685599,0.5170860554272134,0.5153492647058824,0.7849389416553596,0.576,0.5416666666666667,0.6301206509539843,0.5497835497835498,0.7211538461538461,0.5082644628099173,0.8078921078921079,0.47932673604357123,0.526374859708193,0.5648148148148148,0.4916666666666667,0.4734714222419141,0.5383064516129032,0.43933333333333335,0.4984147609147609,0.5292185166749627,0.5090497737556562,0.65625,0.5244024812990331,0.558641975308642,0.5005580357142857,0.5966666666666667,0.6224137931034482,0.4513513513513514,0.5027271310581268,0.5263906033741069,0.6798797156916347,0.5404158544509421,0.5394984326018809,0.4625401225561716,0.5403532608695651,0.47058823529411764,0.43741602284178704,0.6866995073891625,0.6845347313237221,0.7768115942028985
4,0.4702380952380953,0.6047794117647058,0.4360812425328554,0.38067552602436316,0.4641025641025642,0.5,0.5497545738509594,0.6136363636363636,0.643939393939394,0.47222222222222227,0.38933873144399467,0.523854961832061,0.4772727272727273,0.7196234472049688,0.550126955524613,0.6611111111111112,0.42949770899974066,0.5136872550849039,0.3495253164556962,0.5415821501014199,0.5302452575535517,0.5505785034602075,0.5335820895522387,0.5184000000000001,0.7652777777777778,0.5326178451178452,0.5653679653679654,0.6025641025641026,0.5041322314049587,0.29000999000999006,0.5421519402839914,0.489337822671156,0.5833333333333334,0.6979166666666666,0.5015507310589278,0.5352822580645161,0.53,0.5374740124740126,0.5042496266799403,0.6221719457013575,0.6161764705882353,0.529320987654321,0.6091820987654321,0.5587611607142856,0.24333333333333335,0.5587027914614121,0.5357142857142858,0.5126227208976156,0.5888040998017432,0.47084016766903586,0.48102664067576345,0.5614420062695924,0.4880726583017216,0.6122961956521741,0.6554621848739495,0.5727662075915351,0.6701149425287356,0.47365661861074704,0.5300724637681159
15,0.519047619047619,0.6525735294117647,0.3882915173237753,0.5589700996677741,0.6935897435897437,0.4935064935064935,0.5069165551093262,0.6758893280632412,0.44242424242424244,0.6369047619047619,0.5492577597840755,0.5036259541984733,0.8113636363636364,0.7230687111801242,0.7431403063313949,0.6567340067340067,0.5086128641825884,0.6471356596379921,0.6617088607594938,0.592292089249493,0.5243146119515446,0.5513300173010379,0.7855042966983264,0.7272,0.7277777777777777,0.4824635241301908,0.4956709956709957,0.5865384615384616,0.45454545454545453,0.7137862137862138,0.48288574693639374,0.521604938271605,0.5370370370370371,0.7787499999999999,0.5316238369517058,0.561491935483871,0.548,0.5496275121275122,0.5025447984071677,0.7375565610859728,0.5794117647058824,0.5119427720002434,0.5952932098765432,0.5098772321428571,0.71,0.5387931034482759,0.536936936936937,0.6037868162692847,0.6359929674933602,0.8554765810096592,0.4419753086419753,0.4946708463949844,0.4955500437700613,0.5348505434782609,0.7121848739495797,0.5887218676519985,0.8875205254515599,0.5626474442988204,0.8289855072463769
3,0.5083333333333333,0.6378676470588235,0.45997610513739545,0.5517718715393134,0.6217948717948718,0.5497835497835498,0.4982894541127473,0.5474308300395256,0.3837121212121213,0.48412698412698413,0.310391363022942,0.37824427480916034,0.8360795454545454,0.749805900621118,0.6004177246293718,0.7361952861952863,0.44930621595919423,0.6454469117372644,0.5003164556962025,0.5595841784989858,0.5104495284463986,0.5506433823529412,0.7628900949796473,0.5216,0.8180555555555555,0.4866021324354658,0.5489177489177489,0.217948717948718,0.6776859504132232,0.5876123876123877,0.4527298920443493,0.5763187429854097,0.4537037037037037,0.6804166666666667,0.5206025697828977,0.543850806451613,0.409,0.5273865211365211,0.4741040318566451,0.4886877828054299,0.6555147058823529,0.5335933223864259,0.5447530864197531,0.544140625,0.7366666666666667,0.5708128078817735,0.7189189189189189,0.5593735390369332,0.6835034013605443,0.7961545471113541,0.5244314489928525,0.5366771159874608,0.5127297928217099,0.6489809782608695,0.615546218487395,0.760077258985556,0.8607553366174056,0.5766710353866317,0.7141304347826087
12,0.7559523809523809,0.48161764705882354,0.41636798088411,0.44102990033222594,0.7141025641025641,0.30952380952380953,0.606871932173137,0.6363636363636362,0.5598484848484849,0.7162698412698412,0.5506072874493927,0.5969465648854961,0.3815340909090909,0.7520380434782609,0.6836350233434353,0.5346801346801346,0.5483055243364744,0.6344280649374884,0.4302215189873418,0.5839249492900608,0.5479792334252428,0.5762272923875432,0.8215739484396201,0.744,0.6777777777777778,0.6426066217732885,0.3874458874458874,0.7371794871794872,0.4731404958677687,0.7995004995004995,0.5055983758023731,0.6184062850729517,0.537037037037037,0.7870833333333335,0.4755759858218875,0.5695564516129032,0.5056666666666667,0.5318520443520441,0.5226480836236934,0.5248868778280542,0.5128676470588236,0.5120872103630724,0.5844907407407407,0.5645368303571429,0.8066666666666666,0.5301724137931034,0.45555555555555566,0.5970079476390837,0.5493210638536639,0.989203778677463,0.5022417153996102,0.5821316614420063,0.47173183542456965,0.6097826086956522,0.8214285714285715,0.5598547195162916,0.9405582922824303,0.6703800786369594,0.8967391304347826
49,0.39285714285714285,0.44485294117647056,0.470131421744325,0.5094130675526024,0.691025641025641,0.7207792207792207,0.5435073627844713,0.6284584980237153,0.46439393939393947,0.2678571428571429,0.4352226720647774,0.5160305343511451,0.4693181818181818,0.5733695652173912,0.4455319846015235,0.7468013468013468,0.48268781879484746,0.471804441127076,0.5265822784810126,0.6333671399594321,0.5142915103791472,0.5377757352941176,0.5626413387607417,0.5192,0.7263888888888888,0.44626823793490455,0.43809523809523815,0.4551282051282051,0.4173553719008264,0.3233766233766233,0.5230621474421319,0.558361391694725,0.5462962962962963,0.6208333333333333,0.46549623393885686,0.6078629032258065,0.48183333333333334,0.509996534996535,0.46172224987556004,0.7149321266968325,0.6981617647058822,0.5081797725475886,0.666280864197531,0.49740513392857144,0.2533333333333333,0.4930213464696223,0.5075075075075076,0.43984728066074485,0.5999139640145139,0.30581374157098595,0.5171957671957672,0.6435736677115987,0.5152465713451998,0.48145380434782614,0.5819327731092437,0.6111017803157541,0.5380952380952381,0.584272608125819,0.45978260869565224
40,0.5416666666666667,0.5808823529411764,0.455794504181601,0.4706533776301219,0.6602564102564102,0.5822510822510822,0.5796519410977243,0.633399209486166,0.5106060606060606,0.25198412698412703,0.5128205128205128,0.5179389312977098,0.5818181818181819,0.6066576086956522,0.5846506675403391,0.664983164983165,0.46733163309414716,0.3850345213659265,0.3207278481012658,0.4903651115618661,0.5185288686853632,0.5202259948096886,0.4837177747625509,0.39039999999999997,0.7569444444444444,0.48232323232323226,0.5376623376623377,0.40064102564102566,0.3161157024793388,0.3220779220779221,0.5109353724956235,0.5216049382716049,0.5462962962962963,0.7508333333333334,0.5595369960124057,0.5115927419354839,0.4821666666666667,0.5443087318087318,0.5243653558984569,0.5723981900452488,0.6169117647058824,0.5081569664902998,0.5077160493827161,0.6176060267857142,0.31,0.5108784893267653,0.6135135135135135,0.5289075892161446,0.6186174391201884,0.40286130854747576,0.5028914879792072,0.7573099415204678,0.4220528158739422,0.557133152173913,0.596638655462185,0.5771750083977158,0.6504105090311988,0.5432503276539974,0.6293478260869565
47,0.4714285714285714,0.5330882352941176,0.4958183990442055,0.510797342192691,0.30641025641025643,0.5865800865800865,0.3861371411572215,0.4683794466403162,0.4257575757575758,0.6527777777777778,0.33738191632928477,0.4988549618320611,0.6551136363636364,0.4691867236024845,0.4887378163649767,0.6156565656565657,0.4984438488804357,0.5908285127822356,0.5140822784810126,0.44269776876267747,0.48655306323537933,0.5466262975778547,0.4142921754862053,0.3104,0.5916666666666667,0.4659090909090909,0.5324675324675325,0.10576923076923077,0.6652892561983471,0.4166833166833167,0.4735186490955067,0.5381593714927048,0.3333333333333333,0.47124999999999995,0.5613646433318565,0.4107862903225806,0.5071666666666668,0.5039977477477477,0.5174589347934295,0.47285067873303166,0.47941176470588237,0.5133947576476312,0.5046296296296297,0.4069754464285715,0.6666666666666667,0.6100164203612479,0.506906906906907,0.5232195730091944,0.6029065200314219,0.633497357390195,0.527517868745939,0.3927899686520375,0.46481481481481474,0.5256793478260869,0.4810924369747899,0.5301268055089015,0.5564860426929392,0.36749672346002615,0.3963768115942029
2,0.6619047619047619,0.6213235294117647,0.4139784946236559,0.38510520487264677,0.5397435897435898,0.3560606060606061,0.6485200059497248,0.5731225296442688,0.5106060606060606,0.6884920634920635,0.6417004048582996,0.5299618320610687,0.3988636363636363,0.7730978260869565,0.6298632156605783,0.5622895622895623,0.4998162877150515,0.5664582944579213,0.5300632911392406,0.5869675456389454,0.5162083612787839,0.5360023788927336,0.7761194029850745,0.6055999999999999,0.6472222222222223,0.636574074074074,0.41948051948051945,0.6730769230769231,0.5454545454545454,0.7778221778221778,0.555761889710173,0.6517957351290685,0.41666666666666674,0.6220833333333333,0.4524811696942845,0.6023185483870968,0.5349999999999999,0.505500693000693,0.5022150323544051,0.6990950226244343,0.5408088235294117,0.49336343732895455,0.5648148148148149,0.5964843750000001,0.6433333333333333,0.5024630541871922,0.5927927927927927,0.5114539504441328,0.5652938315939101,0.8111900856570076,0.5272904483430799,0.5482758620689656,0.48781733294426616,0.44696969696969696,0.7142857142857143,0.5813108834397044,0.7970443349753694,0.7117955439056356,0.8344202898550724
13,0.613095238095238,0.5643382352941178,0.3070489844683393,0.42275747508305644,0.7166666666666667,0.5411255411255411,0.6326044920422431,0.6047430830039525,0.6465909090909091,0.736111111111111,0.5573549257759784,0.6744274809160304,0.5508522727272728,0.8273971273291926,0.777582111557048,0.5808080808080809,0.516350393360422,0.5654786340735213,0.45901898734177216,0.6871196754563895,0.5283097763535949,0.5529682093425605,0.8525554047942108,0.704,0.9069444444444444,0.5738636363636364,0.44415584415584414,0.782051282051282,0.5909090909090909,0.6764235764235764,0.5370641655319977,0.6310325476992144,0.6296296296296298,0.7362500000000001,0.5067567567567568,0.5756048387096774,0.4955,0.5302321552321553,0.4884457441513191,0.8212669683257919,0.6514705882352941,0.5379492793285897,0.7114197530864197,0.6585379464285714,0.7166666666666667,0.5513136288998358,0.5771771771771772,0.5511921458625526,0.5837728649983166,0.8199380353562967,0.5562703053931126,0.6275862068965518,0.47111175955646345,0.6277853260869565,0.8666666666666667,0.5083977158212966,0.9285714285714286,0.6281782437745741,0.7989130434782609
5,0.5595238095238095,0.6838235294117647,0.4324970131421744,0.44435215946843853,0.6243589743589744,0.47943722943722944,0.6057563587684069,0.484189723320158,0.531439393939394,0.5515873015873016,0.5951417004048583,0.5353053435114504,0.6286931818181818,0.6922069099378882,0.5624948808256205,0.5543771043771044,0.4731996196075041,0.6557193506251167,0.42041139240506326,0.5494421906693712,0.5269518344635715,0.5868782439446368,0.7388059701492538,0.6160000000000001,0.8180555555555555,0.6124438832772165,0.5497835497835497,0.5128205128205128,0.6900826446280991,0.6197802197802198,0.4737982639564287,0.6394500561167228,0.6481481481481481,0.6158333333333333,0.47972972972972977,0.453125,0.4523333333333333,0.4934641372141372,0.5037083125933299,0.669683257918552,0.7566176470588235,0.5069482454539926,0.6026234567901234,0.5770368303571428,0.6833333333333333,0.562807881773399,0.5843843843843844,0.5772946859903382,0.7501028691130812,0.8763440860215054,0.5214100064977258,0.5404388714733542,0.4440472716661803,0.6486413043478262,0.7373949579831933,0.5960706560922856,0.8482758620689655,0.6598951507208388,0.7706521739130434
14,0.6261904761904762,0.5845588235294118,0.417562724014337,0.4335548172757475,0.6538461538461539,0.5497835497835498,0.6717983043284249,0.6501976284584979,0.5833333333333334,0.5694444444444444,0.48380566801619435,0.5627862595419847,0.6480113636363637,0.8336568322981366,0.6923990498812352,0.6245791245791247,0.49354845681680637,0.6779809665982459,0.4275316455696203,0.5955882352941176,0.5349587235346234,0.5961018598615917,0.8563998190863863,0.7472000000000001,0.8152777777777778,0.575827721661055,0.5558441558441559,0.6442307692307693,0.5371900826446281,0.7532467532467533,0.536669057576347,0.6083052749719416,0.5740740740740741,0.7858333333333334,0.5125719982277359,0.6466733870967742,0.5525,0.5487049549549549,0.5028807864609258,0.669683257918552,0.5698529411764706,0.514451438302013,0.7407407407407407,0.5727957589285714,0.7366666666666667,0.5823070607553367,0.6558558558558559,0.5924107838553843,0.6476452324841956,0.890468379806816,0.5299220272904483,0.5927899686520377,0.4869419317187044,0.6510869565217392,0.8361344537815126,0.6089393684917702,0.9708333333333333,0.6589777195281782,0.9666666666666667
22,0.5761904761904763,0.5036764705882353,0.47491039426523307,0.5794573643410853,0.8,0.4393939393939394,0.5829986613119144,0.633399209486166,0.5484848484848485,0.47023809523809523,0.5836707152496626,0.5309160305343512,0.5164772727272727,0.7183132763975155,0.6068883610451307,0.5345117845117845,0.5114333880867986,0.5583597686135473,0.3952531645569621,0.6171399594320487,0.5417442929180019,0.506028330449827,0.8202170963364994,0.6624,0.5583333333333333,0.6353815937149271,0.4329004329004329,0.826923076923077,0.2582644628099174,0.7872127872127872,0.5482487599688776,0.5934343434343434,0.6296296296296295,0.6954166666666667,0.5048737261852017,0.6038306451612903,0.5450000000000002,0.5108584546084546,0.48494897959183675,0.6312217194570136,0.5404411764705882,0.5409900869670985,0.5929783950617284,0.5866071428571429,0.6733333333333333,0.5332512315270936,0.4648648648648649,0.5411407199625994,0.5045075375004675,0.7914160743575724,0.5345679012345679,0.5551724137931036,0.4600598190837467,0.5822690217391304,0.76890756302521,0.5450957339603628,0.7919540229885057,0.6848739495798319,0.8369565217391305
25,0.5964285714285714,0.5992647058823529,0.48446833930704897,0.46400885935769653,0.65,0.47186147186147187,0.6393723040309385,0.7134387351778656,0.3935606060606061,0.5992063492063493,0.41970310391363025,0.5120229007633588,0.6522727272727273,0.8387034161490683,0.7745106069293145,0.6373737373737374,0.508375118872655,0.6826926665422655,0.4617088607594937,0.5636409736308315,0.5385440213296239,0.5704855103806228,0.8170511080958842,0.8104,0.8069444444444445,0.6173540965207632,0.4948051948051948,0.8525641025641026,0.5723140495867769,0.7687312687312687,0.514998905854892,0.6032547699214366,0.4907407407407408,0.775,0.5258639787328312,0.6199596774193548,0.507,0.5404452529452529,0.48438899950224,0.6289592760180995,0.50625,0.4943516998114699,0.5910493827160493,0.6033761160714285,0.7133333333333334,0.5728653530377668,0.5678678678678679,0.605111422783232,0.6234616391725583,0.8658647712775652,0.5340155945419103,0.5746081504702194,0.47720309308433034,0.6126358695652174,0.7289915966386555,0.5801771918038293,0.9525451559934319,0.7370904325032765,0.952020202020202
